[{"model": "admin.logentry", "pk": 76, "fields": {"action_time": "2021-08-04T00:52:28.499Z", "user": 9, "content_type": 4, "object_id": "11", "object_repr": "contateste", "action_flag": 2, "change_message": "[{\"changed\": {\"fields\": [\"password\"]}}]"}}, {"model": "admin.logentry", "pk": 77, "fields": {"action_time": "2021-08-04T11:14:55.214Z", "user": 9, "content_type": 11, "object_id": "6", "object_repr": "loja", "action_flag": 3, "change_message": ""}}, {"model": "admin.logentry", "pk": 78, "fields": {"action_time": "2021-08-04T11:24:06.034Z", "user": 9, "content_type": 11, "object_id": "7", "object_repr": "loja", "action_flag": 3, "change_message": ""}}, {"model": "admin.logentry", "pk": 79, "fields": {"action_time": "2021-08-06T22:09:14.790Z", "user": 9, "content_type": 12, "object_id": "9", "object_repr": "SP, lkj, lk, kj, lk, jl", "action_flag": 3, "change_message": ""}}, {"model": "admin.logentry", "pk": 80, "fields": {"action_time": "2021-08-06T22:09:15.036Z", "user": 9, "content_type": 12, "object_id": "8", "object_repr": "SP, lkj, lk, kj, lk, jl", "action_flag": 3, "change_message": ""}}, {"model": "admin.logentry", "pk": 81, "fields": {"action_time": "2021-08-06T22:09:15.216Z", "user": 9, "content_type": 12, "object_id": "7", "object_repr": "SP, jlk, lkj, jdlkj, dasd, ldksa", "action_flag": 3, "change_message": ""}}, {"model": "admin.logentry", "pk": 82, "fields": {"action_time": "2021-08-07T14:46:21.892Z", "user": 9, "content_type": 11, "object_id": "8", "object_repr": "Vitor Ferreira", "action_flag": 3, "change_message": ""}}, {"model": "admin.logentry", "pk": 83, "fields": {"action_time": "2021-08-08T10:04:05.975Z", "user": 9, "content_type": 11, "object_id": "9", "object_repr": "Vitor Ferreira", "action_flag": 3, "change_message": ""}}, {"model": "admin.logentry", "pk": 84, "fields": {"action_time": "2021-08-08T19:16:10.959Z", "user": 9, "content_type": 7, "object_id": "5", "object_repr": "Xiaomi Poco M3 4GB+64GB", "action_flag": 2, "change_message": "[{\"changed\": {\"name\": \"Varia\\u00e7\\u00e3o\", \"object\": \"Com 64GB\", \"fields\": [\"Estoque\"]}}]"}}, {"model": "admin.logentry", "pk": 85, "fields": {"action_time": "2021-08-08T19:22:40.527Z", "user": 9, "content_type": 7, "object_id": "5", "object_repr": "Xiaomi Poco M3 4GB+64GB", "action_flag": 2, "change_message": "[{\"changed\": {\"name\": \"Varia\\u00e7\\u00e3o\", \"object\": \"Com 64GB\", \"fields\": [\"Estoque\"]}}]"}}, {"model": "auth.user", "pk": 9, "fields": {"password": "pbkdf2_sha256$260000$Akq4FL44FuvBnLq3miIUZ8$d9fDDNjGPICheKboDQtkBOp7lEC9JBXawus5eJmRKu8=", "last_login": "2021-08-10T22:01:27.966Z", "is_superuser": true, "username": "loja", "first_name": "Vitor", "last_name": "Ferreira", "email": "loja@loja.com", "is_staff": true, "is_active": true, "date_joined": "2021-08-03T02:23:35.385Z", "groups": [], "user_permissions": []}}, {"model": "auth.user", "pk": 10, "fields": {"password": "pbkdf2_sha256$260000$ZgMkggBxVJQbU5ShVnEavO$t9qQP+AM/F1F9dBeLtplvFFVIH9lAHDqi0DoptFQ3Z8=", "last_login": null, "is_superuser": false, "username": "perfilteste", "first_name": "", "last_name": "", "email": "perfil@teste.com", "is_staff": false, "is_active": true, "date_joined": "2021-08-03T02:26:14.892Z", "groups": [], "user_permissions": []}}, {"model": "auth.user", "pk": 11, "fields": {"password": "pbkdf2_sha256$260000$TYvOQ87fVPnVg3OOl7UFVr$/f3ahRIYqRbKeiY1lIBF7ef0RQ7/odQliEq6S0vEQTI=", "last_login": "2021-08-09T21:33:12.975Z", "is_superuser": false, "username": "contateste", "first_name": "aa", "last_name": "aaa", "email": "conta@teste.com", "is_staff": false, "is_active": true, "date_joined": "2021-08-03T07:26:06.428Z", "groups": [], "user_permissions": []}}, {"model": "sessions.session", "pk": "5bzomsbjre7flvdlo2kvh67fqvjvcdrq", "fields": {"session_data": ".eJxtkE1PwzAMhv9K5SvNmqZfa49w4ITEkVvlNlkJWuLSpRPS1P-OO1BBg0Mi2X79-rEv0OM0Wf9K0FwgUMAjNDKGdA3HifQcqLUamiLeQk_OQAMvFsnZ6Jl6ip6yKH-8vyv5gxjOOFnscVM-kItuS6tnunqantrZ28AFZkhlWezkbb7l0Y56S37FS1X2I3mf0QdWBXv-0_679q_Fl0CjNleY03EeGPfjupgYeTHhMpEPXcmP4a3DwThWJM5oi8l2nzXvT4mSKk1klVSmq3UlS9HtDffvtRR1URmhikOOlVKHOs93b-MAyzcpn3xZPgHcw4BJ:1m9Jy4:DVZWPtsAgT5TaVemAqB1wkIuCeHXXrkEOveGOnDmiYg", "expire_date": "2021-08-06T04:17:52.867Z"}}, {"model": "sessions.session", "pk": "ck48it346w2cgkok37l168vwu27x4rv4", "fields": {"session_data": ".eJzNlF1r2zAUhv-K0O0ix_q0lbsmK2GMLWXtoBeDoNiqpy2yPH-UQsl_n9wsKbES1oZRdmGBpfPqnPO84jzCTNW1Kb87OHmEuF-q2uVd65YmhxM-2v-Wzmo4gbdGOWvAlcsc-EQBm0_fCb_AEbxXtVGZ2kfOnAXDo_5O3N-pM7fsStP6A58Zx4JH8XB_6VNblxlXqrWPIfQ55FenytZHtea-l5MkjY8fDu5giejjthG5ynUvHsFm3RW-4oen3lDle0OWIlashP98_caqQlsfMbY6N2q8R9Tvl82YxASP42Sc6JXMk1igVaq9Ps1jJHmiEeF3TCWE3EnGoh9VATcjSIesRcD68-LmcrpYfAQXs8svAPNIfIPggmOOOJsjTm-vwAeOsE_-FaRHPbi-fg8IF6EJNDSBSplELDg4JHgCc6A-7UEcGLDnX7pWr5z7iVSma4S5QGrbbOGbfaiQ2TbbofRVrmDKqKQS4yWez3f4n8r0yTHmccR8DWLoRxr4MVPWNLpVoDG2WuvmCPBprcpMDWmLkDZhkZRnsj7QnkU6-9MJeu7kpTR30h1I8q9nBiZp-F7JkaGBOfnb0DiJ8FB8FsM3nRb8raYFvgnY85A9Y1Ke_34H6v98Vmw2vwFLkU9M:1m9JKA:MxJiWxY1iHA0xUkv71dbV5m9Dc7XC5ZYuEuOnBAWXEU", "expire_date": "2021-08-06T03:36:38.818Z"}}, {"model": "sessions.session", "pk": "dh7ejcv62ansraak0jx50hannx061f0e", "fields": {"session_data": ".eJxVjMsOwiAURP-FtSG8EZfu_QZyuVykaiAp7cr477ZJF7qcOWfmzSKsS43roDlOmV2YZKffLgE-qe0gP6DdO8felnlKfFf4QQe_9Uyv6-H-HVQYdVuXdLYFpTbBgnaEBtBamzySck6JLJVPBFlLZUqhLdocDIaCPgkQUrHPF_VhOE8:1m4xqs:SUs4ZpsUekFmfvAxrPvfUORDEYmhX7yqOgFxbzd8xl4", "expire_date": "2021-07-25T03:52:26.534Z"}}, {"model": "sessions.session", "pk": "l0mk0t0te01cwu6tc3hnb1xo5lc34fll", "fields": {"session_data": ".eJxtkMFugzAMhl8F5TpSQghQOG6HnSbtOGmakCEpzdTELEA1qeLdZzqJTd0OsRT78-_fvrAOQrD-iKy-sHQNQ0A9T9hYzeo83r4enWE1e7GAzkbP2GH0lEXq8f6uoMBidoZgoYONfEAX3ZZWzXTVNB02s7cTFWhyKop8J27zDY122Fn0cCJGZj_Ixwx-Imqy5z_tv2v_SnwDGrS5mhlPc092P6-L8YEW4y7jqm8LemTeOuiNIyJxRltItvuseT8mUsg0EWVSmrbSpSh4uzfUv9eCV3lpuMwPCkopD5VSu_ehZ8sSs2AmDB5HVr--LV9ADn82:1mCfQ2:m33GWCBbUBcyQ0k0AmA0RxMMxERfZuoaHXSni864VCw", "expire_date": "2021-08-15T09:48:34.753Z"}}, {"model": "sessions.session", "pk": "lao3g3yq9389jf224l8ow5ujg1nhk1vn", "fields": {"session_data": ".eJxVjDsOwyAQBe-ydYT4GIRdps8ZrIXdBJIIJLAry3dPLLlx-2bmbRCxtVxShWnbbzDjuqR57dzmTDDBCJctYPxwOQC9sbyqiLUsLQdxKOKkXTwq8fd-upeDhD0ddWTPaKWRegwGtSIaB3YU0NloAmrrrTGRlVaO9ROlUsE5ktJ6_FMF-w9zkz0A:1mDZoO:PkWfPXSXXQRGxE0Bj_D0hQBenCJ4bVMgi8jL5GLXn6g", "expire_date": "2021-08-17T22:01:28.235Z"}}, {"model": "sessions.session", "pk": "s1uw268qgzbndj2efzsaw42j5ek2c5hz", "fields": {"session_data": ".eJxVjDsOwyAQBe-ydYT4GIRdps8ZrIXdBJIIJLAry3dPLLlx-2bmbRCxtVxShWnbbzDjuqR57dzmTDDBCJctYPxwOQC9sbyqiLUsLQdxKOKkXTwq8fd-upeDhD0ddWTPaKWRegwGtSIaB3YU0NloAmrrrTGRlVaO9ROlUsE5ktJ6_FMF-w9zkz0A:1mCmN9:BbIoE5asO7gEjjqkGNlrFByVlPxh9SRgV6jalKJoPVo", "expire_date": "2021-08-15T17:14:03.645Z"}}, {"model": "sessions.session", "pk": "s97iypoa8r714g7rla6q2h877aynvbtp", "fields": {"session_data": ".eJxtkE1PwzAMhv9K5SvNmqZfa49w4ITEkVvlNlkJWuLSpRPS1P-OO1BBg0Mi2X79-rEv0OM0Wf9K0FwgUMAjNDKGdA3HifQcqLUamiLeQk_OQAMvFsnZ6Jl6ip6yKH-8vyv5gxjOOFnscVM-kItuS6tnunqantrZ28AFZkhlWezkbb7l0Y56S37FS1X2I3mf0QdWBXv-0_679q_Fl0CjNleY03EeGPfjupgYeTHhMpEPXcmP4a3DwThWJM5oi8l2nzXvT4mSKk1klVSmq3UlS9HtDffvtRR1URmhikOOlVKHOs93b-MAyzcpn3xZPgHcw4BJ:1m9JyD:u8dOFN4fPzxUw2PJlBv8Y7vTUqXJG-2YNJESSb71gN8", "expire_date": "2021-08-06T04:18:01.319Z"}}, {"model": "sessions.session", "pk": "ubha27rog744gpc0wa4dkw7nw27ftb85", "fields": {"session_data": ".eJxtkE1PwzAMhv9K5SvNmqZfa49w4ITEkVvlNlkJWuLSpRPS1P-OO1BBg0Mi2X79-rEv0OM0Wf9K0FwgUMAjNDKGdA3HifQcqLUamiLeQk_OQAMvFsnZ6Jl6ip6yKH-8vyv5gxjOOFnscVM-kItuS6tnunqantrZ28AFZkhlWezkbb7l0Y56S37FS1X2I3mf0QdWBXv-0_679q_Fl0CjNleY03EeGPfjupgYeTHhMpEPXcmP4a3DwThWJM5oi8l2nzXvT4mSKk1klVSmq3UlS9HtDffvtRR1URmhikOOlVKHOs93b-MAyzcpn3xZPgHcw4BJ:1m9Jz1:SfeFfemGAGl1NltDp-fw3l7fwNd1ELsUsHNgwGAjw1M", "expire_date": "2021-08-06T04:18:51.639Z"}}, {"model": "sessions.session", "pk": "ugj0cgbzud6ecosmfu7nwmgl3iaqeh6l", "fields": {"session_data": ".eJyVkF1PgzAYhf9K01spUGj5utvmQozRGafJLkxIgQ6rK0UGy5Jl_90iOt3GLrxp0p73vD3n2cGM1bUoXxWMdpB0R1WrvG1UInIYecbhWirJYQTvZ0_T8Wx2C0aT6SPA1PReIBhRTBElMaLu4gHcUIRtBz-DIB5DA25YLVjGDhvm82tAsXOsdZ-R7jOeqaQtRaMFHYlgEppheCokOpRUmVAlW8HINu2fgY-WlY2eacTm3P1XHNjQyznLdUhswPWqLXTaUjU8VeodsYzXCFMPsb5soctuKyT6si0KilQXEpIVXGqfJXkumHWA2b2Xa8vRs5btW9glbuiGGCc4js23qoB7A-JT_PQM_0IwJQV4UJkCdy4g8fjKI4OYJ0qCU6nbic8pY9ujvwyHIWPHvYT52H6Z8veKYc7br2Ko0sWQdBEpUo_8i6jP0zD3bQ-lAdf-ILdRSH2OHLokzHecZUhID3q__wR6ovIw:1mAKR2:Mvqer4xBKmT1LG8oqXlKihxTYWTxzpWwMTzfL5exwBc", "expire_date": "2021-08-08T22:59:56.016Z"}}, {"model": "sessions.session", "pk": "y4e3qje6nj7ywd0lttchkqr02orq8q23", "fields": {"session_data": ".eJxVjMsOwiAURP-FtSG8EZfu_QZyuVykaiAp7cr477ZJF7qcOWfmzSKsS43roDlOmV2YZKffLgE-qe0gP6DdO8felnlKfFf4QQe_9Uyv6-H-HVQYdVuXdLYFpTbBgnaEBtBamzySck6JLJVPBFlLZUqhLdocDIaCPgkQUrHPF_VhOE8:1mASzL:i53gWopDEAAnB4Mv65wpS2VWmbT2fW-9kLA8ZRLKCr8", "expire_date": "2021-08-09T08:07:55.739Z"}}, {"model": "pedido.pedido", "pk": 1, "fields": {"usuario": 10, "total": 14366.38, "qtd_total": 11, "status": "C"}}, {"model": "pedido.pedido", "pk": 2, "fields": {"usuario": 10, "total": 14366.38, "qtd_total": 11, "status": "C"}}, {"model": "pedido.pedido", "pk": 3, "fields": {"usuario": 10, "total": 123.0, "qtd_total": 1, "status": "C"}}, {"model": "pedido.pedido", "pk": 4, "fields": {"usuario": 10, "total": 123.0, "qtd_total": 1, "status": "C"}}, {"model": "pedido.pedido", "pk": 5, "fields": {"usuario": 10, "total": 123.0, "qtd_total": 1, "status": "C"}}, {"model": "pedido.pedido", "pk": 6, "fields": {"usuario": 10, "total": 123.0, "qtd_total": 1, "status": "C"}}, {"model": "pedido.pedido", "pk": 7, "fields": {"usuario": 10, "total": 123.0, "qtd_total": 1, "status": "C"}}, {"model": "pedido.pedido", "pk": 8, "fields": {"usuario": 10, "total": 13997.38, "qtd_total": 8, "status": "C"}}, {"model": "pedido.pedido", "pk": 9, "fields": {"usuario": 5, "total": 1152.0, "qtd_total": 1, "status": "C"}}, {"model": "pedido.pedido", "pk": 10, "fields": {"usuario": 5, "total": 3997.43, "qtd_total": 1, "status": "C"}}, {"model": "pedido.pedido", "pk": 11, "fields": {"usuario": 5, "total": 123.0, "qtd_total": 1, "status": "C"}}, {"model": "pedido.pedido", "pk": 12, "fields": {"usuario": 5, "total": 123.0, "qtd_total": 1, "status": "C"}}, {"model": "pedido.pedido", "pk": 13, "fields": {"usuario": 5, "total": 24.99, "qtd_total": 1, "status": "C"}}, {"model": "pedido.pedido", "pk": 14, "fields": {"usuario": 5, "total": 24.99, "qtd_total": 1, "status": "C"}}, {"model": "pedido.pedido", "pk": 15, "fields": {"usuario": 5, "total": 24.99, "qtd_total": 1, "status": "C"}}, {"model": "pedido.pedido", "pk": 16, "fields": {"usuario": 5, "total": 24.99, "qtd_total": 1, "status": "C"}}, {"model": "pedido.pedido", "pk": 17, "fields": {"usuario": 5, "total": 3997.43, "qtd_total": 1, "status": "C"}}, {"model": "pedido.itempedido", "pk": 1, "fields": {"pedido": 1, "produto": "Xiaomi Poco M3 4GB+64GB", "produto_id": 5, "variacao": "Com 64GB", "variacao_id": 1, "preco": 4260.0, "preco_promocional": 492.0, "quantidade": 4, "imagem": "/media/produto_imagens/2021/07/7eb9d706-b8e3-48d0-957e-25f4a722f944.jpg"}}, {"model": "pedido.itempedido", "pk": 2, "fields": {"pedido": 1, "produto": "Xiaomi Poco M3 4GB+64GB", "produto_id": 5, "variacao": "Com 128GB", "variacao_id": 2, "preco": 1152.0, "preco_promocional": 0.0, "quantidade": 1, "imagem": "/media/produto_imagens/2021/07/7eb9d706-b8e3-48d0-957e-25f4a722f944.jpg"}}, {"model": "pedido.itempedido", "pk": 3, "fields": {"pedido": 1, "produto": "NOTEBOOK ACER 15.6\" A515-54G-53XP I5-1021U 8GB", "produto_id": 6, "variacao": "SSD 256GB", "variacao_id": 3, "preco": 3997.43, "preco_promocional": 0.0, "quantidade": 1, "imagem": "/media/produto_imagens/2021/07/134393911_1GG.jpg"}}, {"model": "pedido.itempedido", "pk": 4, "fields": {"pedido": 1, "produto": "NOTEBOOK ACER 15.6\" A515-54G-53XP I5-1021U 8GB", "produto_id": 6, "variacao": "SSD 512GB", "variacao_id": 4, "preco": 4149.99, "preco_promocional": 0.0, "quantidade": 1, "imagem": "/media/produto_imagens/2021/07/134393911_1GG.jpg"}}, {"model": "pedido.itempedido", "pk": 5, "fields": {"pedido": 1, "produto": "NOTEBOOK ACER 15.6\" A515-54G-53XP I5-1021U 8GB", "produto_id": 6, "variacao": "SSD 1TB", "variacao_id": 5, "preco": 4499.99, "preco_promocional": 0.0, "quantidade": 1, "imagem": "/media/produto_imagens/2021/07/134393911_1GG.jpg"}}, {"model": "pedido.itempedido", "pk": 6, "fields": {"pedido": 1, "produto": "Camiseta simples", "produto_id": 8, "variacao": "Branca", "variacao_id": 6, "preco": 24.99, "preco_promocional": 0.0, "quantidade": 1, "imagem": "/media/produto_imagens/2021/07/camiseta.jpg"}}, {"model": "pedido.itempedido", "pk": 7, "fields": {"pedido": 1, "produto": "Camiseta simples", "produto_id": 8, "variacao": "Azul", "variacao_id": 7, "preco": 24.99, "preco_promocional": 0.0, "quantidade": 1, "imagem": "/media/produto_imagens/2021/07/camiseta.jpg"}}, {"model": "pedido.itempedido", "pk": 8, "fields": {"pedido": 1, "produto": "Camiseta simples", "produto_id": 8, "variacao": "Vermelha", "variacao_id": 8, "preco": 24.99, "preco_promocional": 0.0, "quantidade": 1, "imagem": "/media/produto_imagens/2021/07/camiseta.jpg"}}, {"model": "pedido.itempedido", "pk": 9, "fields": {"pedido": 2, "produto": "Xiaomi Poco M3 4GB+64GB", "produto_id": 5, "variacao": "Com 64GB", "variacao_id": 1, "preco": 4260.0, "preco_promocional": 492.0, "quantidade": 4, "imagem": "/media/produto_imagens/2021/07/7eb9d706-b8e3-48d0-957e-25f4a722f944.jpg"}}, {"model": "pedido.itempedido", "pk": 10, "fields": {"pedido": 2, "produto": "Xiaomi Poco M3 4GB+64GB", "produto_id": 5, "variacao": "Com 128GB", "variacao_id": 2, "preco": 1152.0, "preco_promocional": 0.0, "quantidade": 1, "imagem": "/media/produto_imagens/2021/07/7eb9d706-b8e3-48d0-957e-25f4a722f944.jpg"}}, {"model": "pedido.itempedido", "pk": 11, "fields": {"pedido": 2, "produto": "NOTEBOOK ACER 15.6\" A515-54G-53XP I5-1021U 8GB", "produto_id": 6, "variacao": "SSD 256GB", "variacao_id": 3, "preco": 3997.43, "preco_promocional": 0.0, "quantidade": 1, "imagem": "/media/produto_imagens/2021/07/134393911_1GG.jpg"}}, {"model": "pedido.itempedido", "pk": 12, "fields": {"pedido": 2, "produto": "NOTEBOOK ACER 15.6\" A515-54G-53XP I5-1021U 8GB", "produto_id": 6, "variacao": "SSD 512GB", "variacao_id": 4, "preco": 4149.99, "preco_promocional": 0.0, "quantidade": 1, "imagem": "/media/produto_imagens/2021/07/134393911_1GG.jpg"}}, {"model": "pedido.itempedido", "pk": 13, "fields": {"pedido": 2, "produto": "NOTEBOOK ACER 15.6\" A515-54G-53XP I5-1021U 8GB", "produto_id": 6, "variacao": "SSD 1TB", "variacao_id": 5, "preco": 4499.99, "preco_promocional": 0.0, "quantidade": 1, "imagem": "/media/produto_imagens/2021/07/134393911_1GG.jpg"}}, {"model": "pedido.itempedido", "pk": 14, "fields": {"pedido": 2, "produto": "Camiseta simples", "produto_id": 8, "variacao": "Branca", "variacao_id": 6, "preco": 24.99, "preco_promocional": 0.0, "quantidade": 1, "imagem": "/media/produto_imagens/2021/07/camiseta.jpg"}}, {"model": "pedido.itempedido", "pk": 15, "fields": {"pedido": 2, "produto": "Camiseta simples", "produto_id": 8, "variacao": "Azul", "variacao_id": 7, "preco": 24.99, "preco_promocional": 0.0, "quantidade": 1, "imagem": "/media/produto_imagens/2021/07/camiseta.jpg"}}, {"model": "pedido.itempedido", "pk": 16, "fields": {"pedido": 2, "produto": "Camiseta simples", "produto_id": 8, "variacao": "Vermelha", "variacao_id": 8, "preco": 24.99, "preco_promocional": 0.0, "quantidade": 1, "imagem": "/media/produto_imagens/2021/07/camiseta.jpg"}}, {"model": "pedido.itempedido", "pk": 17, "fields": {"pedido": 3, "produto": "Xiaomi Poco M3 4GB+64GB", "produto_id": 5, "variacao": "Com 64GB", "variacao_id": 1, "preco": 1065.0, "preco_promocional": 123.0, "quantidade": 1, "imagem": "/media/produto_imagens/2021/07/7eb9d706-b8e3-48d0-957e-25f4a722f944.jpg"}}, {"model": "pedido.itempedido", "pk": 18, "fields": {"pedido": 4, "produto": "Xiaomi Poco M3 4GB+64GB", "produto_id": 5, "variacao": "Com 64GB", "variacao_id": 1, "preco": 1065.0, "preco_promocional": 123.0, "quantidade": 1, "imagem": "/media/produto_imagens/2021/07/7eb9d706-b8e3-48d0-957e-25f4a722f944.jpg"}}, {"model": "pedido.itempedido", "pk": 19, "fields": {"pedido": 5, "produto": "Xiaomi Poco M3 4GB+64GB", "produto_id": 5, "variacao": "Com 64GB", "variacao_id": 1, "preco": 1065.0, "preco_promocional": 123.0, "quantidade": 1, "imagem": "/media/produto_imagens/2021/07/7eb9d706-b8e3-48d0-957e-25f4a722f944.jpg"}}, {"model": "pedido.itempedido", "pk": 20, "fields": {"pedido": 6, "produto": "Xiaomi Poco M3 4GB+64GB", "produto_id": 5, "variacao": "Com 64GB", "variacao_id": 1, "preco": 1065.0, "preco_promocional": 123.0, "quantidade": 1, "imagem": "/media/produto_imagens/2021/07/7eb9d706-b8e3-48d0-957e-25f4a722f944.jpg"}}, {"model": "pedido.itempedido", "pk": 21, "fields": {"pedido": 7, "produto": "Xiaomi Poco M3 4GB+64GB", "produto_id": 5, "variacao": "Com 64GB", "variacao_id": 1, "preco": 1065.0, "preco_promocional": 123.0, "quantidade": 1, "imagem": "/media/produto_imagens/2021/07/7eb9d706-b8e3-48d0-957e-25f4a722f944.jpg"}}, {"model": "pedido.itempedido", "pk": 22, "fields": {"pedido": 8, "produto": "Xiaomi Poco M3 4GB+64GB", "produto_id": 5, "variacao": "Com 64GB", "variacao_id": 1, "preco": 1065.0, "preco_promocional": 123.0, "quantidade": 1, "imagem": "/media/produto_imagens/2021/07/7eb9d706-b8e3-48d0-957e-25f4a722f944.jpg"}}, {"model": "pedido.itempedido", "pk": 23, "fields": {"pedido": 8, "produto": "Xiaomi Poco M3 4GB+64GB", "produto_id": 5, "variacao": "Com 128GB", "variacao_id": 2, "preco": 1152.0, "preco_promocional": 0.0, "quantidade": 1, "imagem": "/media/produto_imagens/2021/07/7eb9d706-b8e3-48d0-957e-25f4a722f944.jpg"}}, {"model": "pedido.itempedido", "pk": 24, "fields": {"pedido": 8, "produto": "NOTEBOOK ACER 15.6\" A515-54G-53XP I5-1021U 8GB", "produto_id": 6, "variacao": "SSD 256GB", "variacao_id": 3, "preco": 3997.43, "preco_promocional": 0.0, "quantidade": 1, "imagem": "/media/produto_imagens/2021/07/134393911_1GG.jpg"}}, {"model": "pedido.itempedido", "pk": 25, "fields": {"pedido": 8, "produto": "NOTEBOOK ACER 15.6\" A515-54G-53XP I5-1021U 8GB", "produto_id": 6, "variacao": "SSD 512GB", "variacao_id": 4, "preco": 4149.99, "preco_promocional": 0.0, "quantidade": 1, "imagem": "/media/produto_imagens/2021/07/134393911_1GG.jpg"}}, {"model": "pedido.itempedido", "pk": 26, "fields": {"pedido": 8, "produto": "NOTEBOOK ACER 15.6\" A515-54G-53XP I5-1021U 8GB", "produto_id": 6, "variacao": "SSD 1TB", "variacao_id": 5, "preco": 4499.99, "preco_promocional": 0.0, "quantidade": 1, "imagem": "/media/produto_imagens/2021/07/134393911_1GG.jpg"}}, {"model": "pedido.itempedido", "pk": 27, "fields": {"pedido": 8, "produto": "Camiseta simples", "produto_id": 8, "variacao": "Branca", "variacao_id": 6, "preco": 24.99, "preco_promocional": 0.0, "quantidade": 1, "imagem": "/media/produto_imagens/2021/07/camiseta.jpg"}}, {"model": "pedido.itempedido", "pk": 28, "fields": {"pedido": 8, "produto": "Camiseta simples", "produto_id": 8, "variacao": "Azul", "variacao_id": 7, "preco": 24.99, "preco_promocional": 0.0, "quantidade": 1, "imagem": "/media/produto_imagens/2021/07/camiseta.jpg"}}, {"model": "pedido.itempedido", "pk": 29, "fields": {"pedido": 8, "produto": "Camiseta simples", "produto_id": 8, "variacao": "Vermelha", "variacao_id": 8, "preco": 24.99, "preco_promocional": 0.0, "quantidade": 1, "imagem": "/media/produto_imagens/2021/07/camiseta.jpg"}}, {"model": "pedido.itempedido", "pk": 30, "fields": {"pedido": 9, "produto": "Xiaomi Poco M3 4GB+64GB", "produto_id": 5, "variacao": "Com 128GB", "variacao_id": 2, "preco": 1152.0, "preco_promocional": 0.0, "quantidade": 1, "imagem": "/media/produto_imagens/2021/07/7eb9d706-b8e3-48d0-957e-25f4a722f944.jpg"}}, {"model": "pedido.itempedido", "pk": 31, "fields": {"pedido": 10, "produto": "NOTEBOOK ACER 15.6\" A515-54G-53XP I5-1021U 8GB", "produto_id": 6, "variacao": "SSD 256GB", "variacao_id": 3, "preco": 3997.43, "preco_promocional": 0.0, "quantidade": 1, "imagem": "/media/produto_imagens/2021/07/134393911_1GG.jpg"}}, {"model": "pedido.itempedido", "pk": 32, "fields": {"pedido": 11, "produto": "Xiaomi Poco M3 4GB+64GB", "produto_id": 5, "variacao": "Com 64GB", "variacao_id": 1, "preco": 1065.0, "preco_promocional": 123.0, "quantidade": 1, "imagem": "/media/produto_imagens/2021/07/7eb9d706-b8e3-48d0-957e-25f4a722f944.jpg"}}, {"model": "pedido.itempedido", "pk": 33, "fields": {"pedido": 12, "produto": "Xiaomi Poco M3 4GB+64GB", "produto_id": 5, "variacao": "Com 64GB", "variacao_id": 1, "preco": 1065.0, "preco_promocional": 123.0, "quantidade": 1, "imagem": "/media/produto_imagens/2021/07/7eb9d706-b8e3-48d0-957e-25f4a722f944.jpg"}}, {"model": "pedido.itempedido", "pk": 34, "fields": {"pedido": 13, "produto": "Camiseta simples", "produto_id": 8, "variacao": "Branca", "variacao_id": 6, "preco": 24.99, "preco_promocional": 0.0, "quantidade": 1, "imagem": "/media/produto_imagens/2021/07/camiseta.jpg"}}, {"model": "pedido.itempedido", "pk": 35, "fields": {"pedido": 14, "produto": "Camiseta simples", "produto_id": 8, "variacao": "Branca", "variacao_id": 6, "preco": 24.99, "preco_promocional": 0.0, "quantidade": 1, "imagem": "/media/produto_imagens/2021/07/camiseta.jpg"}}, {"model": "pedido.itempedido", "pk": 36, "fields": {"pedido": 15, "produto": "Camiseta simples", "produto_id": 8, "variacao": "Branca", "variacao_id": 6, "preco": 24.99, "preco_promocional": 0.0, "quantidade": 1, "imagem": "/media/produto_imagens/2021/07/camiseta.jpg"}}, {"model": "pedido.itempedido", "pk": 37, "fields": {"pedido": 16, "produto": "Camiseta simples", "produto_id": 8, "variacao": "Branca", "variacao_id": 6, "preco": 24.99, "preco_promocional": 0.0, "quantidade": 1, "imagem": "/media/produto_imagens/2021/07/camiseta.jpg"}}, {"model": "pedido.itempedido", "pk": 38, "fields": {"pedido": 17, "produto": "NOTEBOOK ACER 15.6\" A515-54G-53XP I5-1021U 8GB", "produto_id": 6, "variacao": "SSD 256GB", "variacao_id": 3, "preco": 3997.43, "preco_promocional": 0.0, "quantidade": 1, "imagem": "/media/produto_imagens/2021/07/134393911_1GG.jpg"}}, {"model": "perfil.perfil", "pk": 4, "fields": {"usuario": 10, "data_nascimento": "2021-07-22", "cpf": "01234567890"}}, {"model": "perfil.perfil", "pk": 5, "fields": {"usuario": 11, "data_nascimento": "2021-07-22", "cpf": "01234567890"}}, {"model": "perfil.perfil", "pk": 10, "fields": {"usuario": 9, "data_nascimento": "2021-07-22", "cpf": "01234567890"}}, {"model": "perfil.endereco", "pk": 3, "fields": {"apelido": "Casa", "endereco": "ads", "numero": "dasd", "complemento": "3123", "bairro": "213", "cep": "asd", "cidade": "321", "estado": "SP", "perfil": 10}}, {"model": "perfil.endereco", "pk": 5, "fields": {"apelido": "Casa", "endereco": "ads", "numero": "dasd", "complemento": "123", "bairro": "123", "cep": "asd", "cidade": "321", "estado": "SP", "perfil": 5}}, {"model": "perfil.endereco", "pk": 6, "fields": {"apelido": "Casa", "endereco": "ads", "numero": "dasd", "complemento": "teste", "bairro": "dasd", "cep": "asd", "cidade": "321", "estado": "SP", "perfil": 5}}, {"model": "perfil.endereco", "pk": 17, "fields": {"apelido": "Casa1", "endereco": "ads", "numero": "dasd", "complemento": "teste", "bairro": "213", "cep": "asd", "cidade": "321", "estado": "SP", "perfil": 5}}, {"model": "produto.produto", "pk": 5, "fields": {"nome": "Xiaomi Poco M3 4GB+64GB", "descricao_curta": "Display Full HD+ de 6,53 polegadas (19.5:9) Gorilla Glass 3", "descricao_longa": "Display Full HD+ de 6,53 polegadas (19.5:9) Gorilla Glass 3 Processador Qualcomm Snapdragon 662 4GB de RAM 64GB (UFS 2.1) / 128GB (UFS 2.2) de armazenamento Armazenamento expansível via microSD (até 512GB) Dual-SIM Câmeras: Sensor principal de 48MP Sensor macro de 2MP Sensor de profundidade de 2MP Câmera frontal de 8MP com notch Dewdrop Android 10 (MIUI 12) Sensor de impressão digital lateral", "imagem": "produto_imagens/2021/07/7eb9d706-b8e3-48d0-957e-25f4a722f944.jpg", "slug": "xiaomi-poco-m3-4gb64gb", "tipo": "V"}}, {"model": "produto.produto", "pk": 6, "fields": {"nome": "NOTEBOOK ACER 15.6\" A515-54G-53XP I5-1021U 8GB", "descricao_curta": "In esse reprehenderit incididunt adipisicing. Officia eu adipisicing adipisicing minim adipisicing elit anim proident cupidatat. Reprehenderit tempor eu ipsum nostrud sint ullamco. Sint nostrud tempor in nisi laboris officia est amet.", "descricao_longa": "In esse reprehenderit incididunt adipisicing. Officia eu adipisicing adipisicing minim adipisicing elit anim proident cupidatat. Reprehenderit tempor eu ipsum nostrud sint ullamco. Sint nostrud tempor in nisi laboris officia est amet.\r\nIn esse reprehenderit incididunt adipisicing. Officia eu adipisicing adipisicing minim adipisicing elit anim proident cupidatat. Reprehenderit tempor eu ipsum nostrud sint ullamco. Sint nostrud tempor in nisi laboris officia est amet.", "imagem": "produto_imagens/2021/07/134393911_1GG.jpg", "slug": "notebook-acer-156-a515-54g-53xp-i5-1021u-8gb", "tipo": "V"}}, {"model": "produto.produto", "pk": 7, "fields": {"nome": "Faca militar", "descricao_curta": "In esse reprehenderit incididunt adipisicing. Officia eu adipisicing adipisicing minim adipisicing elit anim proident cupidatat. Reprehenderit tempor eu ipsum nostrud sint ullamco. Sint nostrud tempor in nisi laboris officia est amet.", "descricao_longa": "In esse reprehenderit incididunt adipisicing. Officia eu adipisicing adipisicing minim adipisicing elit anim proident cupidatat. Reprehenderit tempor eu ipsum nostrud sint ullamco. Sint nostrud tempor in nisi laboris officia est amet.\r\nIn esse reprehenderit incididunt adipisicing. Officia eu adipisicing adipisicing minim adipisicing elit anim proident cupidatat. Reprehenderit tempor eu ipsum nostrud sint ullamco. Sint nostrud tempor in nisi laboris officia est amet.", "imagem": "produto_imagens/2021/07/b88f04130f.jpg", "slug": "faca-militar", "tipo": "S"}}, {"model": "produto.produto", "pk": 8, "fields": {"nome": "Camiseta simples", "descricao_curta": "In esse reprehenderit incididunt adipisicing. Officia eu adipisicing adipisicing minim adipisicing elit anim proident cupidatat. Reprehenderit tempor eu ipsum nostrud sint ullamco. Sint nostrud tempor in nisi laboris officia est amet.", "descricao_longa": "In esse reprehenderit incididunt adipisicing. Officia eu adipisicing adipisicing minim adipisicing elit anim proident cupidatat. Reprehenderit tempor eu ipsum nostrud sint ullamco. Sint nostrud tempor in nisi laboris officia est amet.\r\nIn esse reprehenderit incididunt adipisicing. Officia eu adipisicing adipisicing minim adipisicing elit anim proident cupidatat. Reprehenderit tempor eu ipsum nostrud sint ullamco. Sint nostrud tempor in nisi laboris officia est amet.", "imagem": "produto_imagens/2021/07/camiseta.jpg", "slug": "camiseta-simples", "tipo": "V"}}, {"model": "produto.produto", "pk": 9, "fields": {"nome": "Teste", "descricao_curta": "teste", "descricao_longa": "teste", "imagem": "", "slug": "teste", "tipo": "V"}}, {"model": "produto.variacao", "pk": 1, "fields": {"produto": 5, "nome": "Com 64GB", "preco": 1065.0, "preco_promocional": 123.0, "estoque": 4}}, {"model": "produto.variacao", "pk": 2, "fields": {"produto": 5, "nome": "Com 128GB", "preco": 1152.0, "preco_promocional": 0.0, "estoque": 1}}, {"model": "produto.variacao", "pk": 3, "fields": {"produto": 6, "nome": "SSD 256GB", "preco": 3997.43, "preco_promocional": 0.0, "estoque": 1}}, {"model": "produto.variacao", "pk": 4, "fields": {"produto": 6, "nome": "SSD 512GB", "preco": 4149.99, "preco_promocional": 0.0, "estoque": 1}}, {"model": "produto.variacao", "pk": 5, "fields": {"produto": 6, "nome": "SSD 1TB", "preco": 4499.99, "preco_promocional": 0.0, "estoque": 1}}, {"model": "produto.variacao", "pk": 6, "fields": {"produto": 8, "nome": "Branca", "preco": 24.99, "preco_promocional": 0.0, "estoque": 1}}, {"model": "produto.variacao", "pk": 7, "fields": {"produto": 8, "nome": "Azul", "preco": 24.99, "preco_promocional": 0.0, "estoque": 1}}, {"model": "produto.variacao", "pk": 8, "fields": {"produto": 8, "nome": "Vermelha", "preco": 24.99, "preco_promocional": 0.0, "estoque": 1}}, {"model": "produto.variacao", "pk": 9, "fields": {"produto": 7, "nome": "Preta", "preco": 185.0, "preco_promocional": 150.0, "estoque": 0}}]